<?xml version='1.0' encoding='UTF-8'?>
<faces-config version="2.2"
              xmlns="http://xmlns.jcp.org/xml/ns/javaee"
              xmlns:xsi="http://www.w3.org/2001/XMLSchema-instance"
              xsi:schemaLocation="http://xmlns.jcp.org/xml/ns/javaee http://xmlns.jcp.org/xml/ns/javaee/web-facesconfig_2_2.xsd">

    <navigation-rule>
        <from-view-id>/index.xhtml</from-view-id>
        <navegation-case>
            <from-outcome>Cadastro</from-outcome>
            <to-view-id>/cadastro.xhtml</to-view-id>
        </navegation-case>
    </navigation-rule>    
    
    
</faces-config>
